YEAR,WATER SPREADING,INJECTION,PUMPING,RECHARGE,SPECIFIC STORAGE,SPECIFIC YIELD,DRAINS,GHB OCEAN,GHB OC,GHB WHT,GHB LAN,Los Angeles Forebay_to_Hollywood,Los Angeles Forebay_to_WRD Los Angeles Forebay,Los Angeles Forebay_to_Central Basin,WRD Central Basin_to_Orange County,WRD Central Basin_to_West Coast,WRD Central Basin_to_Santa Monica,WRD Central Basin_to_WRD Los Angeles Forebay,WRD Central Basin_to_Montebello Forebay,WRD Central Basin_to_Whitter,WRD Central Basin_to_Central Basin,WRD Central Basin_to_North Orange County,WRD Central Basin_to_South Orange County,Orange County_to_North Orange County,Orange County_to_South Orange County,Santa Monica Bay_to_West Coast,Santa Monica Bay_to_Santa Monica,San Pedro Bay_to_West Coast,San Pedro Bay_to_South Orange County,West Coast_to_Santa Monica,West Coast_to_South Orange County,Santa Monica_to_Hollywood,Santa Monica_to_Central Basin,Hollywood_to_Central Basin,WRD Los Angeles Forebay_to_Montebello Forebay,Montebello Forebay_to_Whitter,Whitter_to_North Orange County
1971,115422.29588901087,0.0,-351833.0600976276,27196.33473399215,3701.7084901536496,113824.85027339474,-6001.907423261683,5359.682583568524,46921.87403160955,39650.10458381375,5758.153972995078,26.90563210403559,-10620.768954698991,-641.4593811741128,-139.01850512898272,-7355.716389377238,4.212047686235041,-5747.393502663868,126682.00205033191,5119.381325557961,2750.0910733338974,1298.4793690086874,6852.72703482527,1930.9477158459904,-5368.895580881517,-114.34724460098482,561.3610522932261,-6054.739826107088,314.9707799081624,3647.577490758182,457.98893994258754,74.21672178984926,-1150.9540850765375,-1074.2468442459563,2481.3330630646815,6941.162619719724,2714.2090042103605
1972,57001.14613330703,0.0,-297620.53446121205,17405.63878526816,6813.864927410482,130770.88450777579,-4598.143718950917,5986.260435226355,33951.75190883102,45060.38353775796,5228.975553560815,14.38806055380308,-8437.269363849698,-147.322777548706,-5977.707984635901,-6089.829467310811,1.9378929626533687,-2559.5799339403316,105975.4323731205,5142.530825472973,2175.851194525585,1230.7501154782726,2774.2334561100765,1193.2167110152743,-2126.1565188248933,-236.04769351294348,403.5170736316835,-5858.684669300457,-205.37308844961603,3238.2891187024193,321.7459464762921,65.06493800265963,-988.517924509575,-863.3887797022783,2227.029888523974,7940.258764878067,2967.8792307975536
1973,156694.40178760252,0.0,-284472.0027783798,71373.85604195113,1268.4922531467487,-13736.44083478015,-5249.340963297371,6477.039437789523,25554.206192635418,36925.10992119677,5164.890634993527,8.064479408902177,-8899.10669870993,-550.0155355923724,-10596.318298597003,-5683.048907916005,0.568345453928726,-3951.9399574710087,122345.8786700544,4942.662554748498,2253.616016210013,1137.3961797998418,1322.9278429468263,873.4143794756798,92.11614870555258,-247.06161665657078,378.71673338500216,-5500.12847765448,-890.7619843940189,2953.2800173899236,209.78993239237212,54.06120220011248,-805.4690805137047,-697.5924775315277,2270.779366060753,449.30639699030763,2895.014995980056
1974,122413.31374886615,0.0,-288725.61452667916,48160.09208326938,1958.1765551858819,39168.45872610568,-4573.773563091291,6606.372882649684,30644.106170072642,39129.41138915815,5219.787480960693,10.315466984546847,-8809.0849940327,-160.34984157964956,-10996.216951095976,-5181.074519161812,0.28271779948011144,-6227.275249427694,127400.52376015144,4920.811685665686,2417.629851539557,1024.975628959865,1325.15113242376,690.566978788953,1475.9243907095242,-251.00969725814915,348.6684163987177,-5381.579521279598,-1107.8591429537491,2522.1969970685914,184.42980189482248,57.03565231966064,-711.1984396794896,-599.2652453070234,2371.2943328102783,2163.910029214587,2941.6274122903164
1975,108777.2788215049,0.0,-296820.7348471724,34033.3274623825,3333.6616056362004,52766.81311852923,-3628.2021807414526,6555.532879745987,49883.722413239986,39769.599397639395,5329.344512949148,8.659477163039812,-8816.371261198654,278.2805910373196,-5656.322928735197,-5020.587157194839,2.113321044628645,-5113.403542535429,121672.62240245538,4731.510940710999,2967.9039180436466,942.9008232292401,3557.3946841496254,561.6986936732408,-1307.9058313840724,-276.0099601281799,304.8302722858418,-5698.56824304542,-711.1153454343196,2395.635644531852,294.16795520987034,142.5024161100462,-621.592391916385,-553.0146020985354,2503.27265655846,2692.7505823751644,3089.7717922584807
1976,70980.18199495939,0.0,-296471.3572991022,12610.92002945572,6037.237989608469,102728.2716986641,-2629.883666664112,7266.622097968303,51569.280073678136,42508.3664418751,5400.493096554581,10.866635555076211,-8773.51483428087,607.2630365917056,-3738.5321037893013,-4261.846868593598,3.573776209615316,-4857.485737003738,109459.02500616341,4730.876327104083,2830.1166758688896,966.8748540941795,2853.177509446729,492.693607948518,-870.664703915469,-276.43354922723137,247.75458466216418,-6649.481383739905,-851.029880228167,2250.9760346280327,308.065250225191,267.48996794831646,-610.904204438695,-553.7645436041705,2357.2856467385577,5755.466129959409,3042.5435892536907
1977,81260.208287191,0.0,-288009.29668236146,18315.778142174397,4576.047316215004,85703.95989022542,-2850.2297060061655,7528.344599325841,49037.47742541567,39043.723134251966,5393.994803468344,10.872286038994027,-9024.461126736514,743.7911326129444,-3175.16764140503,-3929.427266428379,4.269136416977858,-3776.534642731443,99462.60254649866,4585.646038050385,3043.005161082233,927.4668550795401,2015.05845478313,446.9957196123084,1115.3086239069003,-256.80712635401534,224.4799197109836,-6334.872440375929,-1062.2176888553893,2015.5721594077265,268.3970560561371,379.1216418455906,-583.3898360897733,-587.4994551304824,2059.5841589488105,4922.37539356114,3016.525450262105
1978,222090.56936920487,0.0,-260558.22198891488,192785.9590528798,-8190.437810085635,-220833.00678916188,-10097.720615259987,6793.457318601415,44581.69169523529,28547.263369571232,4880.544674385625,-3.335173179889979,-10399.834428271553,-1186.928047076238,-2284.0475656758945,-5442.318324962211,-0.7409332359962237,-8135.447015162204,131508.71862967842,4319.716345043495,3035.0636122546393,883.9650888786272,3176.1517088899263,514.6142294462044,-7.076362839810507,-280.07968813430455,330.3233830063421,-5527.09506161475,-650.6165702138453,2675.338225640451,222.0753373966713,273.3612848806517,-472.5941918817864,-609.0668165366885,2481.120426087072,-5752.965971773197,2659.5246940394118
1979,137258.3519446205,0.0,-290827.26245711127,103854.13718250526,-1356.3979029571292,-45457.49947510431,-5708.398487097654,6168.638119445902,57842.1699689596,33134.29152543963,5092.137751651388,-1.4011311959191515,-10301.105928788338,-184.81579313049514,1798.2883176635157,-5502.516606217019,-0.6928641597169802,-7781.369273883991,130891.98343422715,4413.789140479052,2613.723907532991,926.995264137758,4073.6763242415773,506.96013749468705,818.9786406983472,-293.53719238616657,253.58571519453312,-5554.173165730397,-305.6466355851912,2647.782872645862,281.62096204612544,360.5745327085908,-403.6974467224537,-572.3097210313824,3098.5941107288004,721.9345050498321,2884.879017245258
1980,153727.39414073908,0.0,-285073.2222002739,159377.53262541952,-5531.072923802302,-114832.55861104817,-9509.951814753265,5844.016792603127,56726.13936934763,34343.3754317823,4928.528763369832,-6.875790199872919,-10472.997385802231,-711.1087111069656,710.0999734167607,-5765.020020486232,-4.484683733758535,-9040.77580877882,134587.48340300127,4451.0683351938005,2342.453597856161,909.1969999821983,5131.3360145477445,576.2038285789599,-906.3183358284473,-242.47386173969983,308.9051979644415,-5966.296242165802,64.89404433586924,2444.391555718142,295.73463130234455,457.48453629615665,-341.58660332970135,-572.7293385651931,3250.8672871827544,-290.81894465559213,2742.9725625612427
1981,126359.32394947723,0.0,-285864.19581315585,26833.433805142322,-376.1512031153316,32053.443050021477,-5305.887515715665,6334.5659762376945,55573.75049167931,39201.31846282528,5190.618705139324,3.9105332027917887,-8118.061102888466,399.57179819679135,3522.435841487315,-6566.915707025239,-1.1641163224500435,-7956.804673543732,124066.33570011791,4461.844905833918,2195.893242679638,769.9530747632946,4195.329154059995,468.8904281694937,-229.2286657594957,-273.71090196610885,268.9307205715151,-6503.38569105118,168.86568200558548,2533.5843303104434,333.2628051488797,461.6851241494858,-309.70724540268515,-543.4270838040748,3122.7755310420416,1685.1017386884482,2918.777299852075
1982,127488.32687557334,0.0,-285829.3219876358,34388.86314445914,1473.4167066830878,27400.158997720937,-3947.200809890207,6974.353545171408,43981.72014936143,42831.69188274304,5238.161904291684,11.366850069294593,-7742.941864648734,302.1973738617096,-5356.206024476212,-5972.37470704059,0.4620785789668903,-6080.392825035202,121181.54627763969,4384.606221901426,2552.44470733388,658.0383544912693,2236.794114430766,422.6590435789296,2002.1842793754702,-318.1691169076398,194.42144037966696,-6645.472616428485,-370.16893602382817,2553.73221687972,251.46737251802392,570.099062276316,-332.6612312765928,-597.9274441465934,3046.021388995972,1307.7507672675847,3096.1097721717692
1983,144768.37121483104,0.0,-257324.9377925042,159707.98618148902,-9136.824114653966,-131413.30298057196,-7066.475855480087,6306.973084793559,49568.69820737823,39635.01569524003,4954.524098437729,-1.6124898980611384,-9694.38123765152,-1049.5432625740516,-4173.865614701638,-6158.523495495538,-2.9835300940618916,-6583.513479658035,130752.08560890665,4363.219816492876,2770.1741760532695,627.6855557272002,3501.3235638452725,455.1912731218838,655.0217677963176,-176.84402587259765,248.42949138775634,-5836.998515584583,0.8458382632084067,2101.57059070769,221.84230445286047,655.9248008060652,-247.598411355525,-605.2769608205878,3414.530258405849,-1008.9377142318192,2663.2863983608613
1984,103133.26441323606,0.0,-280526.64567770076,36074.46183348056,1841.550526770723,38870.96580239813,-4930.7204798126695,5642.380097750361,53741.32438409531,40964.991866457916,5188.5326450631965,10.922936027560748,-8404.208506824489,-61.230739682665025,-1447.547245172991,-5660.013398314577,-1.3812937128593321,-4365.231084459763,118180.64821126075,4137.971837068151,2927.4792159333483,769.2187922941745,2430.5014352191615,406.3154853352612,-220.04294898738615,-180.88844749815615,192.70961942183044,-5462.773442019241,129.75651580739287,1892.941261381373,251.45552282947637,659.7984546628826,-259.8650087957433,-602.8769763663803,2779.346623488128,2216.7207463760233,3242.648157075293
1985,87956.22555245807,0.0,-264784.7372588147,30835.824787530662,-1218.2381308772995,40020.9902612225,-3880.6329674480544,5273.493258476644,56327.86370578116,44256.23808458065,5213.148522713299,16.34158632446251,-7127.2077064415425,-4.625996591856264,475.28192131250387,-5671.488291800675,0.3310994270219909,-4355.777867125369,110301.32262958658,3949.4609378298755,2548.73487330634,733.5221331007699,3601.053840469007,371.5284486589956,-879.1737826163194,-179.17235340097892,169.89857628307772,-5250.070593192153,260.1469251674634,1637.6198814545742,262.80657756750225,753.151344978312,-240.3387195262029,-613.2417628758701,2382.8223322134463,2696.415887780692,3119.021768871293
1986,133501.3423242789,0.0,-270899.71187729016,70255.90367362012,-1114.2153363526438,-28576.15472617313,-4954.591956808075,4850.807470348039,51615.6798280526,40200.99618223761,5120.321807345547,12.860894913966764,-8254.409661254256,-289.18235146680667,-894.6960274376827,-5586.4247438048915,0.35217962576246387,-4241.343588587937,115600.02066948012,3796.168937638323,3080.003733946154,746.9333510281613,3872.236123894446,368.5086115794778,-191.2943514617931,-155.26216995914524,127.59804964850261,-4406.456934902714,214.10571683552553,1693.7851210232288,258.59309588275204,800.2641945941657,-261.2456225145246,-653.7863742846266,2547.757521707976,14.582219102935127,3321.845216953935
1987,114849.29445827843,0.0,-266190.46676616283,15410.719510563518,2868.235515968532,47351.514492519455,-2972.618697236846,5202.135514700426,41074.582144025626,37094.350302887455,5312.497894038436,20.84239512507063,-7367.71636426453,75.20102585553319,-5653.141985283225,-4867.426600386876,2.595382870386755,-3734.6206630506317,114841.65487213375,3896.5438661334174,2945.6897681443943,832.6372120097606,2566.345760296936,365.07868589229815,3734.012443875162,-134.05090935821895,147.14964607128152,-4972.0688118222415,-337.5151144551315,1663.259497383885,199.55664637501388,848.2039573832978,-291.8729071463555,-669.8663708627905,2453.1718339889976,1039.6275893105064,3398.683967510861
1988,106811.27385903188,0.0,-263090.4925028008,23839.968607721672,1527.868692801797,42672.56403513002,-2076.680895527464,5331.054838783641,38904.54164731337,40738.00551094962,5342.166460794166,18.349715812700357,-7217.663456213083,18.12241951747072,-6759.067279731915,-3524.5269502286474,2.9593512768723857,-2009.5819414596804,114429.83769334237,3784.1060455812076,2673.2080250009067,903.9802413880587,2624.1667373505957,363.8696361513487,2776.5282415961324,-97.61292091436232,138.84560585148435,-4580.175933014874,-503.4495154656202,1434.3066979505822,190.02519237711158,875.0744309618162,-273.25470662023827,-661.9646419053666,2278.2441128457376,1162.3137633814204,3518.0798827680046
1989,109749.28138212157,0.0,-269474.43429461116,22265.65595460289,2421.9037322279087,40526.40995308723,-1579.5115589269103,5466.970340875285,42125.90494477866,43144.96241247751,5353.107725824332,17.982041088260285,-7334.461018510365,174.39894277515083,-6209.019400249311,-4040.649761727333,2.2321653799396093,-3093.296826010919,115805.54023442241,3764.6635567678386,2287.338545493112,839.1852874387496,2422.8591841446005,352.0724129345669,2399.340967933994,-132.14663543548764,99.82079478951243,-4819.858239744082,-647.0563473945766,1554.0096749148988,196.27376912396556,892.687451987177,-249.49189961585543,-654.4477142861476,2196.892508261312,913.9532709092452,3486.498077677285
1990,126608.32456097573,0.0,-258968.90576843097,7116.9710911998445,324.59014448705557,33555.13946371729,-1229.569159127681,5795.84450914997,44270.97476367558,37180.84473265748,5345.87832887661,19.97503364019989,-6238.2035147755705,114.27634073063668,-3494.9856530949805,-4833.1296836943175,1.278822510308864,-4677.195265659282,116550.56277567879,3629.5098983216176,2028.8052319892095,884.8283474427251,2302.366885168564,336.31441053762273,2923.8050286856724,-139.18437004428932,85.74485932222811,-5321.658530088757,-515.440316151297,1542.1280330358443,221.22250712547336,934.0072864151084,-218.193151002224,-646.192064977425,2376.246215130596,-269.23110286177814,3506.3675553573726
1991,172970.44351068916,0.0,-271231.22465352004,25980.967071692237,2039.189420955231,-2105.2837342095136,-4634.072162656522,6037.169586382729,41885.53488598252,23709.908347058095,5347.5758748268345,16.405367667414033,-7173.179881793395,-139.99635359253992,-6736.893480780296,-5110.938730775458,1.7607497142336683,-4497.487229553715,122441.98811502234,3515.7545904682447,2876.148609484046,893.4609362353011,2483.871284418923,334.10694001523757,3383.2754756018544,-192.25440087351612,88.20985184647937,-5298.353450037777,-613.3490014513549,1631.2288644665673,210.07193791248903,912.5986424203857,-267.3235650493702,-674.0084624161641,2348.2505693574844,-3017.592149227109,3374.682885676956
1992,231748.5942118367,0.0,-275758.8694041731,80417.38375927022,-2509.1797403040227,-48858.81768372249,-59069.63371525463,5843.510746178727,49004.70775906404,13967.132318990063,5215.27137949628,7.507523826606994,-8392.155184434729,-712.7831118201738,-7417.777238833853,-4274.423322833014,0.814882944927127,-6943.563997919814,131800.19657631408,3628.6657129270357,2670.238959324771,905.3691600698737,2542.6949691720624,340.10599541865884,3005.5880062126644,-183.3013655007328,88.52783680386923,-5082.044956620096,-428.9109477679288,1813.5583758632756,200.86815038266982,828.4792477814264,-207.0425871044334,-666.587387514922,2715.7277778743205,-3634.990598608274,3182.4628529986267
1993,187233.4802912649,0.0,-211051.39692474803,158850.13823522875,-16818.98072851467,-170947.7837819322,-21412.655194350762,4904.748563829174,42656.4077099288,21621.24717436064,4964.837480752925,-3.3922185175821893,-6874.252863932059,-1833.1333784887706,-12646.637495146577,-6138.862848073864,-5.403929578441882,-13083.932448749172,135870.03111286648,3669.392655026651,1006.0280621438257,863.0168070943971,2223.190725296729,428.0422092077075,1829.966521711226,-15.510117930045562,99.47811209122636,-4815.947097827553,312.3572904293567,1137.6493612205477,150.07932799154972,816.3524845885903,38.15824288938549,-565.6836704723892,3383.6414611188575,-4677.128742139007,2691.824654341386
1994,135173.34653071582,0.0,-244885.02583314298,22115.489209617506,-1631.280517037389,10560.202988934963,-8549.803512868599,4471.020025895946,51660.28382912381,25801.27247942121,5284.438331588344,12.479117094859554,-7082.760868920828,-403.38149183099375,-8167.163803126654,-5490.66045641767,-5.699120653650622,-9117.9909771533,124589.05688027717,3829.991178292558,1724.9069799328759,849.2873691083605,1796.2549090270431,391.1471269387021,327.1363637579745,-22.951611559604178,58.383290500860454,-4686.672173042154,517.9219384627413,681.1658784126059,200.8655675018732,868.9780877109913,40.94976908745916,-538.043020994207,3293.362807767696,-421.75589220755234,2686.5067006139493
1995,145799.37383973377,0.0,-267187.2864110277,128049.29638461648,-4218.770583103024,-76660.08641679263,-10905.65238642413,4102.790446037152,46894.58281100548,29068.538419645956,5057.332389726147,2.5486985743730535,-8986.886495598219,-1064.92542569395,-10285.24595801904,-5241.724629458008,-5.651722450974535,-8600.754891124883,128163.20563894357,4064.790112505364,2173.0905665976234,829.9494573855416,1085.473677789144,436.3781797275591,1813.0798762979916,-10.165130593979686,110.43013774551292,-4297.310421751057,435.5818548372122,640.4249180701415,135.55487400737542,1021.4440115144715,22.756027485844488,-614.7197387478955,3010.840726608243,-1276.932999719219,2313.753460770688
1996,144786.3712107418,0.0,-272566.07018776936,40011.09887521371,2032.5196908745547,4289.638471322024,-6526.777033659453,4408.965589039009,46505.266325583136,31836.985751122556,5222.157370544324,17.82205037231123,-8044.462970815582,-404.50329328318907,-13055.905758056066,-7167.793808289699,-1.702238924933953,-5840.20182631355,124083.0554720918,4094.584205968774,2542.8788394883404,921.9185915554674,1188.5614372430437,444.64130235765913,3447.6507252726606,-89.1571241648871,65.68618629914992,-4768.339174917164,342.3492117949676,1177.5917835690257,189.15339623115875,1022.4572891108817,-10.938488981868371,-637.6580376836046,2979.4459728586226,-388.228837019876,2454.6570751909017
1997,118336.30337913752,0.0,-275980.28986520297,67443.73355035596,3113.152604378748,6287.113934467321,-7379.927656814044,4904.839032444128,44845.21171993382,33222.35386058694,5207.733031697951,19.626165488838723,-7954.950975147358,-541.4884385299354,-12213.829101609499,-5989.988490792222,-1.1266238521840455,-4731.114182772442,121124.10192232991,4241.69510630307,2591.5650195911057,980.3509550986436,2474.37833972147,469.24878571172343,2837.0772407670397,-85.81402146136284,92.0769617055732,-5185.178743638435,189.46774437462065,1289.7130845121656,221.3335425859793,1075.8698265879289,-14.677754275517309,-668.8948193649667,3020.86816499263,1169.0708080619488,2466.609124706421
1998,127829.32770516147,0.0,-280307.5396774248,187726.6602006577,-2089.248684869606,-104112.61896854121,-15263.857815413747,4945.666449695296,44867.02969992229,31459.577406404213,4945.220391727468,5.821346693649914,-10482.983852027035,-1256.261487699022,-11409.086721201282,-6367.400942964524,-5.613820120527354,-3707.471994476082,125914.50256327643,4447.245375028385,2321.4191865625453,1026.8816001175212,2742.1334740737825,577.6164560700445,1599.429163540961,-83.21640032189728,155.0089902114766,-5191.337216602527,320.03086602295025,1612.654503751975,166.40648227391526,1418.1937571295477,47.184948176800724,-683.6087571094,3103.875045101099,550.4950914475671,2289.0697968868444
1999,76371.19579580377,0.0,-295712.9116580959,25117.074787158628,7216.637309500188,100994.07325970694,-7894.421375055928,5243.274176046478,44863.274757893545,38568.684176867304,5233.385398892344,25.341462411378387,-9433.812376626707,137.85366852893407,-12609.609171846703,-6059.651517981878,0.33085945773806896,-1723.5867630669916,109360.26333477469,4640.406681130535,2709.759509485864,1144.7634460400113,1731.8731388958288,543.4341300958145,5515.610919300914,-168.45097066306,101.94004900730118,-5269.662855357568,31.217036272808855,2032.8208608010013,209.9026906042783,1082.9475029330285,-46.53095089003137,-706.4298139927761,2652.5510669075993,5088.932016703966,2551.660706479768
2000,121816.3123398851,0.0,-287277.8688293774,30272.393850456247,3587.8053867260596,41066.675571308646,-5641.409503229539,5439.0941597076935,48611.34078356059,36867.35607282819,5258.580892760036,33.73627288193993,-9110.498072456254,316.50997363705955,-11874.619530630354,-5172.181630104703,2.1910920313776727,-128.86295378938638,110841.06197878931,4481.992146861116,2796.4893000524635,1165.9116831896922,1914.3107117921454,525.1172603773281,5589.864052889951,-172.40460112306658,126.02832846220538,-5270.505230879104,-117.2431612332464,2001.9438979551958,234.28590337947986,901.9427433192518,-100.67432337843817,-673.9752508465517,2165.681470235567,1329.367855001768,2604.738288088079
2001,122582.31429983735,0.0,-281799.423501088,57372.098589798086,2416.029195558387,17040.55284299251,-6170.237667867457,5814.581360921437,46365.50404629407,31150.9954033663,5228.014284825598,28.765175084973002,-9576.812740265057,79.73898137446288,-11674.971011307754,-5024.704979156563,2.0242708636118767,-1012.3081839528711,109846.9662000286,4426.158898971465,2930.857411979603,1166.9207421513531,2059.5290986567734,512.662008137829,5635.339767255814,-172.58544085614216,170.12536760421816,-5631.840250758483,-196.28454876161516,2116.7690001211354,215.31007472555083,838.4269641107995,-144.07674863229548,-650.5000928672318,2095.4592674799806,1347.8134084578369,2628.48825544768
2002,129273.33151565085,0.0,-276452.22962399333,9672.980210000953,2999.4057434888778,59308.030818509345,-4573.670745567363,5743.375327064614,44276.648901611545,24406.394516143853,5346.017954901613,35.13530234128049,-8614.072610240097,592.1351597599056,-8211.167027100351,-4386.934251936043,2.6200415874384864,-2488.3281631137415,109657.88497569342,4389.028303747208,2422.733081937369,1160.464584247828,2893.839565558639,496.9182228582422,4905.078439164461,-235.46702547156113,153.21881580042844,-5184.044174129465,-243.0693520264327,2484.6079629567057,240.815980848072,783.6371432883806,-169.72377894346755,-623.0363980149921,1695.5359470177582,1563.2762888100178,2701.552203642451
2003,95148.24400947547,0.0,-268778.38125963625,27535.257735649222,2327.675978226507,60377.18996313316,-4160.314535270187,5439.505176838586,49407.4893513761,27370.911386700638,5332.736223444905,30.190825096766158,-8211.399551432965,352.66127667487956,-3845.7889274798595,-4381.521319435189,2.634483759004358,-1772.1828864030836,108183.86398416253,4267.5706850664765,3004.370157555123,1117.4983754932323,2672.999319394905,475.29248612793486,3170.6603533586667,-244.2213879612682,197.00643317782126,-5282.181559976388,-38.25430612988001,2408.0752962856086,245.5572630955362,765.3631425186,-259.18947588549656,-635.7626689352497,1904.1458760180126,2597.406983240736,2696.865463416557
2004,136126.34910493784,0.0,-265927.11063906114,24372.67134367454,370.153097584257,19838.138023842734,-3671.3271851252184,5324.796287578462,47580.51580347339,30631.497044394117,5354.8657813992595,25.845966036425107,-8273.592356777197,360.5277774428559,2.2436861003983495,-3830.2599108721124,3.438282270346319,-1307.4718070180334,104413.31356574105,4137.945116047744,2941.0386091676546,1190.8499330695402,4221.002370567619,460.57317111902864,2560.149566043813,-264.64592012367956,192.8530697495061,-5044.847102898789,48.27388363286006,2755.3020737800553,279.4570166665593,747.8989432752869,-330.8956534426367,-639.9004011318906,1571.256045799717,673.202766452049,2752.4588733627024
2005,166577.42693959997,0.0,-252758.05943592987,166444.3415402622,-10795.31309790947,-137640.0595555545,-18400.50516672684,4364.519414865797,52493.18275341762,24774.304459850813,4940.4480461264775,4.658986926162404,-10226.97204516506,-1476.734125110053,-768.7207570057419,-4148.655682744376,-2.2675248574553244,-4501.892447021901,126577.49664447733,4130.732075605812,3108.1414549986216,1187.1523883379468,3647.0944765372465,529.7152835089978,1132.1469151560943,-169.1720868801813,257.0086284232764,-4242.1313800637,438.05534424526,2537.166299328824,181.19006743448026,670.8271769649103,-258.2140281183988,-603.2057422291679,1953.9303416703895,-3389.776979264245,2476.4081784450045
2006,144135.3695098585,0.0,-253208.4069637676,30434.899455232917,-3550.964811893176,-13616.729831087918,-6267.908617937576,3538.6568389829636,62474.45401502967,30841.7600358974,5219.242431687704,12.983173905992446,-8110.450588505932,-219.2138732611511,2783.912256040839,-3591.729032227549,0.8038288667943907,-6017.473869856594,119715.42338861272,4105.550788451527,2978.6054615090598,1227.368943811044,3687.4994895162936,487.21381491892714,-543.9663438492814,-167.41498794518276,242.92248012105625,-3512.078932398026,427.4186490905532,2216.7169335236267,232.8677420537884,630.8987411577613,-308.9701407359297,-576.1084433849102,2112.410299286236,-336.17768725444796,2684.3873614360486
2007,86340.22134660295,0.0,-291789.69121802005,7488.725857586458,9416.308711797392,87559.93104069316,-4201.403314855011,3582.3492536399954,57596.02099192355,38707.32361103451,5300.409889745613,20.819068160553222,-7931.377708069523,310.06918230663894,-3330.9444873730613,-2163.1078656901036,2.3970544207840834,-2765.2964155589057,111664.7203132344,4463.126557097024,2743.2364038138585,1275.1633220122587,2410.233128191153,506.9163593882148,2383.5190476315356,-169.5087823659137,224.9468962920181,-3610.4690946397686,-97.61709748794814,2209.160790456721,199.5050920184975,624.086193647989,-348.8401383583412,-581.9249464029998,2326.6020598673167,3423.9703255767245,2756.128686284953
2008,98731.25319224402,0.0,-282904.661695841,32720.434935670455,3856.46067872557,55750.796186525185,-4111.625648844556,4076.364644967269,52480.96364704885,34152.968910420874,5247.491266674573,14.632744222788288,-8284.845176860368,228.60386976729836,-6536.574965064276,-2136.1046113651887,3.013544874495632,-185.0513383053616,106789.51684964538,4495.336441619464,2320.616136319303,1308.3068276680897,2383.7289872475476,523.5175758948307,7016.686903250651,-215.79668292217997,222.46741992328006,-3458.612994370318,-555.4721433487828,2439.2152728011333,166.59706145281706,649.8386833716825,-327.10219302125785,-580.1318132364695,2024.9529449711756,3259.155354088824,2776.697639127529
2009,83555.21424055562,0.0,-275639.3395359869,18263.527042335838,5470.25465619177,73739.9971142372,-3621.6153922242825,4407.3120072937945,50277.33457327512,38223.52053601194,5323.969430963317,17.028618915980893,-8024.067650714704,255.92291549821078,-5638.44999373285,-1603.021300666055,2.659960162159967,2188.37162703722,95565.32877163355,4345.042096434618,2864.0197471487763,1308.499990362812,3304.971607372431,511.7811422580131,7049.440367007663,-286.7692279596416,198.13705868875564,-3920.112848235114,-599.4452101085441,2663.8918246961925,189.42427699054397,619.8954624366403,-379.2682057761074,-598.5771897684598,1986.6382092446158,3795.7337373438936,2830.380719989339
2010,154531.39611967036,0.0,-261509.43891072756,53234.92532891507,-2245.685820698412,-35860.08049238338,-5465.380687225599,4231.348832511167,55028.935660309726,32774.556588202024,5279.596181403759,10.96533465598022,-7994.282224507819,-85.99917702689943,1033.4761747778502,-1487.2282705695627,1.7242333854744554,-119.51607870411874,105273.90855563973,4073.7962825037134,2284.0684775302193,1283.2603380418732,6222.64532787803,497.40223090823366,3506.0871915788885,-238.45476844751119,206.70975451340828,-3674.284115913725,-292.754637747969,2461.4382368741117,248.05583029603866,594.1901341626591,-316.35894295128327,-563.9161410125014,2147.4234684184457,-1287.7233861799393,2764.6429109942355
2011,152486.39093707738,0.0,-251480.65522477098,71624.32427555027,-7635.199047311258,-60056.41494749689,-6436.428335583145,3683.5680909261796,64768.396601479384,27757.647872920872,5288.362068400675,6.209605904113172,-7002.992668859967,-639.3165181505617,1872.4892329890242,-3574.817030823641,-2.510662301140137,-5160.604946783039,119353.89314346144,3851.5178488467654,1557.6162322408745,1225.6216178325005,4630.53532174586,499.6519641816232,607.7502293413199,-227.592381017513,216.79949800460048,-3793.5175018419163,276.41529028382143,1960.057040380102,215.26091151051833,492.1360151877535,-188.55564028028812,-438.0607251179851,2705.495442103137,-3052.5308654865003,2683.604467961911
2012,82248.21083257935,0.0,-273650.2359823764,15779.509682326292,2722.0231192162155,61333.69972509273,-3596.2321890569665,3745.9021968657935,67960.42552403787,38008.98059672616,5448.048998244489,15.070746664755461,-7013.969778826126,-26.47293053012792,6408.509204310361,-2237.246495210238,-1.9154720519829076,-2502.161439422122,105497.92700303861,4096.66756594009,1911.7988525568142,1239.4326661614573,5476.37151634391,483.3750295254674,1502.3977181062976,-237.286211960138,169.58939140679763,-4147.52783561779,287.73245937612825,1844.0298958670585,261.70660210197053,506.853735816589,-217.113832425034,-440.80714857663935,2636.012292122873,2699.259817195613,2766.78264627404
2013,54885.14070479186,0.0,-282237.0039570859,11214.721269310721,4876.872612661414,96547.1031851751,-2765.598962567584,4106.909875106562,64449.906733695956,43511.3773996579,5410.712517030458,13.417004291561097,-7432.757689552971,107.43833592884296,4006.593247659336,-1589.5209342001822,-0.8045149538710501,-1362.4350081099117,90927.81259876586,4193.665078806584,2171.016296296478,1263.9592846335668,4746.2050107447485,491.7697701519719,3286.988687073766,-217.69952310807184,178.89706654456285,-3943.000706405271,114.60586948267219,1681.2955363539463,268.4861818949795,513.2728407219207,-230.2239610073421,-445.3517997859287,2146.035968767194,4885.564118591727,2812.029533330738
2014,69271.1776164516,0.0,-259315.95886226106,5497.2651266463035,5533.388495089417,86677.28155117999,-2313.577289850232,3868.4641278318686,45697.110296679886,39713.761285897475,5371.179541263046,11.748131316275776,-7668.9059538510965,358.39186829492274,3883.8224246915547,-411.35870320210967,0.8774558528033165,698.6265895199653,84835.1774923914,4112.2603312003575,2083.530121415642,1262.818663003206,5897.090369216654,493.05220689890376,4838.557570737698,-216.4745208294791,136.03763605299122,-3204.428906615837,-276.26769365972245,1814.35195500346,253.98383242069545,544.3830333748678,-243.7333476922093,-483.1927520128535,1876.2480278532132,4041.759901611469,2816.398612767326
2015,74658.1914403846,0.0,-235964.8897615971,23878.88308404017,-1310.014775574432,40124.03671710918,-1742.6387541706022,3500.546575018126,51014.84628620093,40568.444970737546,5272.562162107712,7.633568129781845,-7108.0298875305025,126.66446982228891,2543.2484208299206,-383.6364772663693,0.16420089028945317,410.83799809957424,82212.34956668303,3748.725265931448,1801.7684688084923,1219.7256282931658,3953.6352274131254,487.84693090124273,4713.032096772268,-159.79540964183914,122.82355132884967,-3094.7117535429684,-232.44099298709304,1091.557974683335,193.33789521012446,546.8727096466113,-193.62138214872533,-478.556461903382,1804.8640140416155,2231.5053749343415,2785.0603273817173
2016,133160.48458284466,0.0,-255916.32438817422,8754.54825208864,2213.8644673681792,23437.253242903116,-5365.645276165046,3866.213391497849,51687.72494478724,32775.61392882802,5386.286638809571,10.102930304152009,-7149.451464973955,285.89418618895576,3856.692134233024,-739.0116692991443,0.5681538082922839,-1846.0743180700863,88719.89108817221,3751.3572118558113,1912.5514490147207,1198.565894692682,3662.1795367785435,475.6361840287332,5740.092101662934,-219.4778464800356,57.3518351311381,-3631.153135592725,-284.6563884739582,650.7088523202333,171.9341649590793,590.4656647342664,-197.3281766062655,-489.524358351945,1957.871521083659,97.91721192108609,2796.565489077339
2017,115981.68235392438,0.0,-224520.0985429034,72688.04813244393,-5463.908681955371,-46351.30719331581,-8424.65321235644,3628.3798384162346,58949.777051361096,28465.693464534794,5046.412194707879,8.445353543372436,-7086.502833588555,-131.25274168262516,8795.572158922512,-1201.7274854521072,-0.5075262160728993,-7041.7592521506085,104431.69490176423,3632.7349069349816,1213.7264164468165,1115.4011882667653,5558.366930091378,454.121323242357,662.282053108163,-60.12384703158542,140.85368523190363,-3476.758746697474,7.602821692302494,769.1738251522992,195.66290782047136,451.75592387573016,-99.86332344571467,-457.32484347473627,2336.446237861519,-1370.1460209641457,2535.341916961908
2018,82906.95915858845,0.0,-244095.03529434666,8136.399940251761,1642.6597261738286,51273.07871543755,-2618.5459747467085,3414.4037762929765,62528.55135256553,31493.884348459746,5317.878315860712,9.618925158210018,-6975.215802479089,135.78304024517445,8100.516331153526,-860.6455225420647,-1.7593901487886912,-6028.917934818454,87931.87041296782,3728.391944095772,1012.723399571037,1127.7580586050096,4693.877776276831,435.1247991130156,2709.1504561653283,-112.30377966937442,103.68690866940653,-3249.840294124256,19.238843683767335,801.2702652311232,221.18705791875257,626.7964653614946,-69.62456797934125,-499.49996937877694,2221.6645893285518,3293.285751846069,2667.328382306509
2019,143247.414553217,0.0,-230656.04695127686,77922.98044859336,-5108.35512021177,-80273.32124478089,-6324.347434786411,2992.981228072383,62904.38973723707,30237.78804430802,5056.647187000849,11.147697098346443,-7380.127198196057,-150.7463631613372,6092.889298880364,-521.9653580327325,-3.735286155682361,-6197.665202536554,99175.32446394744,3623.298475445147,762.2062060647796,1086.8727004153213,5944.957383400855,434.0759567274829,1821.257406486896,-14.480159006716685,112.59291185983034,-2809.630947209684,50.27456103307187,512.7904251965052,195.38830342449273,583.4016310289429,10.664175716597631,-504.9674877314466,2209.583712696893,-1183.2347325277658,2489.7050493164165
